Categoría;Marca;ID;Producto;Código Interno;Código Barras;Precio Compra;Alicuota IVA;Margen Categoría;Margen Producto;Precio Fijo;Precio Único;Precio Final;Moneda;Stock;Ubicación;Descripción;Proveedor;Imágenes;Oferta;Redondeo;Alto (Cm);Ancho (Cm);Profundidad (Cm);Peso (Kg);Garantia
Coolers;Adata;259;CPU COOLER ID COOLING AM4 (USADO SIN CAJA) ;;;10.714,29;21,00%;30,00%;0,00%;0,00;SI;16.853,58;$;0,00;;;;;0,00;0,00;0,00;0,00;0,00;0,00;-
Gabinetes;Adata;241;GABINETE ADATA XPG VALOR MESH NEGRO FAN X4 ;;;54,19;10,50%;30,00%;30,00%;0,00;SI;77,84;u$s;0,00;;;;;0,00;0,00;0,00;0,00;0,00;0,00;-
General;Adata;247;LECTOR OCOM IMAGER OCBS-2019 USB 1D-2D C/BASE ;;;30,02;10,50%;30,00%;25,00%;0,00;SI;41,46;u$s;0,00;;;;;0,00;0,00;0,00;0,00;0,00;0,00;-
Memorias;Adata;272;RAM DDR4 8GB 2666MHZ CL19 ADATA SINGLE TRAY ;;;11,33;10,50%;30,00%;30,00%;0,00;SI;16,28;u$s;0,00;;;;;0,00;0,00;0,00;0,00;0,00;0,00;-
Memorias;Adata;283;RAM DDR4 8GB 2666MHZ CL19 ADATA SINGLE TRAY (USADA) ;;;0,00;10,50%;30,00%;0,00%;13.574,66;SI;15.000,00;$;0,00;;;;;0,00;0,00;0,00;0,00;0,00;0,00;-
Discos Internos SSD;Adata;309;SSD M.2 NVME 256GB ADATA LEGEND 710 ;;;19,62;10,50%;30,00%;30,00%;0,00;SI;28,18;u$s;3,00;;;;;0,00;0,00;0,00;0,00;0,00;0,00;-
Discos Internos SSD;Adata;300;SSD SATA 960GB ADATA SU630 BLISTER ;;;49,35;10,50%;30,00%;30,00%;0,00;SI;70,89;u$s;0,00;;;;;0,00;0,00;0,00;0,00;0,00;0,00;-
Gabinetes;Aerocool;138;GABINETE AEROCOOL CYLON (USADO) SIN TAPAS LATERALES ;;;12.928,25;10,50%;30,00%;40,00%;0,00;SI;20.000,00;$;1,00;;;;;0,00;0,00;0,00;0,00;0,00;0,00;-
Procesadores;AMD;168;AMD ATHLON 3000G AM4 (USADO) ;;;32.320,62;10,50%;25,00%;40,00%;27.149,32;SI;30.000,00;$;1,00;;;;;0,00;0,00;0,00;0,00;0,00;0,00;-
Procesadores;AMD;167;AMD RYZEN 3 2200G AM4 (USADO) ;;;38.784,74;10,50%;25,00%;40,00%;54.298,64;SI;60.000,00;$;2,00;;;;;0,00;0,00;0,00;0,00;0,00;0,00;-
Procesadores;AMD;170;AMD RYZEN 3 3100 AM4 (USADO) ;;;42.016,81;10,50%;25,00%;40,00%;54.298,64;SI;60.000,00;$;0,00;;;;;0,00;0,00;0,00;0,00;0,00;0,00;-
Procesadores;AMD;165;AMD RYZEN 3 3200G AM4 ;;;65,64;10,50%;25,00%;25,00%;0,00;SI;90,67;u$s;1,00;;;;;0,00;0,00;0,00;0,00;0,00;0,00;-
Procesadores;AMD;164;AMD RYZEN 3 3200G AM4 (USADO) ;;;40.000,00;10,50%;25,00%;40,00%;63.348,42;SI;70.000,00;$;2,00;;;;;0,00;0,00;0,00;0,00;0,00;0,00;-
Procesadores;AMD;256;AMD RYZEN 3 4100 AM4 (USADO) ;;;42.857,14;21,00%;25,00%;0,00%;49.586,78;SI;60.000,00;$;0,00;;;;;0,00;1.000,00;0,00;0,00;0,00;0,00;-
Procesadores;AMD;166;AMD RYZEN 3 PRO 4350G AM4 (USADO) ;;;48.480,93;10,50%;25,00%;40,00%;0,00;SI;75.000,00;$;0,00;;;;;0,00;0,00;0,00;0,00;0,00;0,00;-
Procesadores;AMD;340;AMD RYZEN 5 1600 AM4 ;;;40.000,00;0,00%;25,00%;0,00%;70.000,00;SI;70.000,00;$;1,00;;;;;0,00;0,00;0,00;0,00;0,00;0,00;-
Procesadores;AMD;171;AMD RYZEN 5 4500 AM4 ;;;66,90;10,50%;25,00%;20,00%;0,00;SI;88,71;u$s;1,00;;;;;0,00;0,00;0,00;0,00;0,00;0,00;-
Procesadores;AMD;172;AMD RYZEN 5 4600G AM4 ;;;115,89;10,50%;25,00%;20,00%;0,00;SI;153,67;u$s;3,00;;;;;0,00;0,00;0,00;0,00;0,00;0,00;-
Procesadores;AMD;173;AMD RYZEN 5 5500 AM4 ;;;81,26;10,50%;25,00%;20,00%;0,00;SI;107,75;u$s;6,00;;;;;0,00;0,00;0,00;0,00;0,00;0,00;-
Procesadores;AMD;175;AMD RYZEN 5 5600 AM4 ;;;134,61;10,50%;25,00%;20,00%;0,00;SI;178,49;u$s;0,00;;;;;0,00;0,00;0,00;0,00;0,00;0,00;-
Procesadores;AMD;174;AMD RYZEN 5 5600G AM4 ;;;136,82;10,50%;25,00%;20,00%;0,00;SI;181,42;u$s;0,00;;;;;0,00;0,00;0,00;0,00;0,00;0,00;-
Procesadores;AMD;265;AMD RYZEN 5 5600GT AM4 ;;;129,07;10,50%;25,00%;25,00%;123,82;SI;136,82;u$s;0,00;;;;;0,00;0,00;0,00;0,00;0,00;0,00;-
Procesadores;AMD;176;AMD RYZEN 5 5600X AM4 ;;;163,80;10,50%;25,00%;20,00%;0,00;SI;217,20;u$s;0,00;;;;;0,00;0,00;0,00;0,00;0,00;0,00;-
Procesadores;AMD;169;AMD RYZEN 5 5600X AM4 (USADO) ;;;103.425,99;10,50%;25,00%;40,00%;144.796,38;SI;160.000,00;$;0,00;;;;;0,00;0,00;0,00;0,00;0,00;0,00;-
Procesadores;AMD;250;AMD RYZEN 5 8600G AM5 ;;;205,22;10,50%;25,00%;20,00%;0,00;SI;272,12;u$s;1,00;;;;;0,00;0,00;0,00;0,00;0,00;0,00;-
Procesadores;AMD;163;AMD RYZEN 7 1700X AM4 (USADO) ;;;96.961,86;10,50%;25,00%;40,00%;0,00;SI;150.000,00;$;0,00;;;;;0,00;0,00;0,00;0,00;0,00;0,00;-
Procesadores;AMD;335;AMD RYZEN 7 2700X C/ COOLER WRAITH PRISM AM4 (USADO) ;;;85.714,28;0,00%;25,00%;50,00%;130.000,00;SI;130.000,00;$;0,00;;;;;0,00;0,00;0,00;0,00;0,00;0,00;-
Procesadores;AMD;326;AMD RYZEN 7 5700G AM4 (USADO) ;;;135.714,29;0,00%;25,00%;40,00%;185.000,00;SI;185.000,00;$;1,00;;;;;0,00;0,00;0,00;0,00;0,00;0,00;-
Procesadores;AMD;177;AMD RYZEN 7 5700X AM4 ;;;197,31;10,50%;25,00%;20,00%;0,00;SI;261,63;u$s;1,00;;;;;0,00;0,00;0,00;0,00;0,00;0,00;-
Procesadores;AMD;269;AMD RYZEN 7 5700X3D BULK AM4 ;;;238,03;10,50%;25,00%;25,00%;0,00;SI;328,78;u$s;2,00;;;;;0,00;0,00;0,00;0,00;0,00;0,00;-
Gabinetes;Antec;257;GABINETE ANTEC FANES X6 ;;;21.428,57;21,00%;30,00%;0,00%;35.537,19;SI;43.000,00;$;0,00;;;;;0,00;0,00;0,00;0,00;0,00;0,00;-
Motherboards;AORUS;333;GIGABYTE AM4 B450 AORUS ELITE DDR4 (USADO SIN CAJA) ;;;50.000,00;0,00%;30,00%;60,00%;0,00;SI;80.000,00;$;1,00;;;;;0,00;0,00;0,00;0,00;0,00;0,00;-
Motherboards;AORUS;238;GIGABYTE S.1151 AORUS B360 GAMING 3 WIFI DDR4 (USADO) ;;;32.320,62;10,50%;30,00%;40,00%;0,00;SI;50.000,00;$;1,00;;;;;0,00;1.000,00;0,00;0,00;0,00;0,00;-
Motherboards;ASRock;178;ASROCK AM4 A320 HDV M.2 DDR4 (USADO) ;;;38.784,74;10,50%;30,00%;40,00%;0,00;SI;59.999,99;$;1,00;;;;;0,00;0,00;0,00;0,00;0,00;0,00;-
Motherboards;ASRock;184;ASROCK AM4 B450M STEEL LEGEND DDR4 ;;;92,21;10,50%;30,00%;30,00%;0,00;SI;132,46;u$s;1,00;;;;;0,00;0,00;0,00;0,00;0,00;0,00;-
Placas de video;ASRock;196;RADEON ASROCK RX 570 8GB PHANTOM GAMING GDRR5 (USADO) ;;;77.569,49;10,50%;30,00%;40,00%;0,00;SI;120.000,00;$;0,00;;;;;0,00;0,00;0,00;0,00;0,00;0,00;-
Placas de video;ASRock;203;RADEON ASROCK RX 6600 CHALLENGER 8GB GDDR6 (USADO) ;;;147.058,82;10,50%;30,00%;50,00%;217.194,57;SI;240.000,00;$;5,00;;;;;0,00;0,00;0,00;0,00;0,00;0,00;-
Placas de video;ASRock;205;RADEON ASROCK RX 6700 XT CHALLENGER 12GB GDDR6  (USADO) ;;;192.307,69;10,50%;30,00%;50,00%;289.592,76;SI;320.000,00;$;5,00;;;;;0,00;0,00;0,00;0,00;0,00;0,00;-
Motherboards;ASUS;294;ASUS AM4 PRIME A520M-K CSM BOX M-ATX DDR4 ;;;61,86;10,50%;30,00%;30,00%;0,00;SI;88,86;u$s;1,00;;;;;0,00;0,00;0,00;0,00;0,00;0,00;-
Motherboards;ASUS;189;ASUS AM4 TUF B450M PLUS II DDR4 ;;;97,21;10,50%;30,00%;30,00%;0,00;SI;139,64;u$s;1,00;;;;;0,00;0,00;0,00;0,00;0,00;0,00;-
Motherboards;ASUS;193;ASUS S.1151 PRIME H310M-R DDR4 (USADO) ;;;19.392,37;10,50%;30,00%;40,00%;0,00;SI;30.000,00;$;1,00;;;;;0,00;0,00;0,00;0,00;0,00;0,00;-
Motherboards;ASUS;190;ASUS S.1200 PRIME B460M-A DDR4 (USADO) ;;;45.248,87;10,50%;30,00%;40,00%;0,00;SI;70.000,00;$;2,00;;;;;0,00;0,00;0,00;0,00;0,00;0,00;-
Motherboards;ASUS;192;ASUS S.1200 PRIME B560M-A DDR4 (USADO) ;;;64.641,24;10,50%;30,00%;40,00%;0,00;SI;100.000,00;$;0,00;;;;;0,00;0,00;0,00;0,00;0,00;0,00;-
Motherboards;ASUS;191;ASUS S.1200 PRIME Z490-P DDR4 (USADO) ;;;96.961,86;10,50%;30,00%;40,00%;0,00;SI;150.000,00;$;1,00;;;;;0,00;0,00;0,00;0,00;0,00;0,00;-
Notebook;ASUS;235;NOTEBOOK ASUS X515 I5 11°GEN/ 8GB RAM/SSD 256GB/ 15,6'' (USADA) ;;;323.206,00;10,50%;30,00%;40,00%;0,00;SI;499.999,68;$;1,00;;;;;0,00;0,00;0,00;0,00;0,00;0,00;-
Placas de video;ASUS;212;NVIDIA ASUS GTX 1060 DUAL 6GB GDDR5 (USADO SIN CAJA) ;;;90.497,74;10,50%;30,00%;40,00%;0,00;SI;140.000,00;$;0,00;;;;;0,00;0,00;0,00;0,00;0,00;0,00;-
Placas de video;ASUS;215;NVIDIA ASUS RTX 2060 DUAL 6GB GDDR6 (USADO) ;;;124.434,39;10,50%;30,00%;50,00%;190.045,25;SI;210.000,00;$;2,00;;;;;0,00;0,00;0,00;0,00;0,00;0,00;-
Placas de video;ASUS;202;RADEON ASUS DUAL RX 5600 XT 6GB GDDR6 (USADO) ;;;129.282,48;10,50%;30,00%;40,00%;0,00;SI;200.000,00;$;0,00;;;;;0,00;0,00;0,00;0,00;0,00;0,00;-
Fuentes;Aureox;281;FUENTE 500W AUREOUX POWER SERIES 500 ;;;0,00;21,00%;30,00%;0,00%;24.793,39;SI;30.000,00;$;0,00;;;;;0,00;0,00;0,00;0,00;0,00;0,00;-
Fuentes;Aureox;255;FUENTE 600W AUREOUX POWER SERIES 600 ;;;20.000,00;21,00%;30,00%;0,00%;33.057,85;SI;40.000,00;$;0,00;;;;;0,00;0,00;0,00;0,00;0,00;0,00;-
Motherboards;Biostar;254;BIOSTAR AM4 A320M-K DDR4 ;;;49,71;10,50%;30,00%;30,00%;0,00;SI;71,41;u$s;0,00;;;;;0,00;0,00;0,00;0,00;0,00;0,00;-
Motherboards;Biostar;307;BIOSTAR AM4 B450MH M-ATX DDR4 ;;;49,71;10,50%;30,00%;30,00%;0,00;SI;71,41;u$s;2,00;;;;;0,00;0,00;0,00;0,00;0,00;0,00;-
Motherboards;Biostar;308;BIOSTAR AM4 B450MX-S M-ATX DDR4 ;;;53,54;10,50%;30,00%;30,00%;0,00;SI;76,91;u$s;4,00;;;;;0,00;0,00;0,00;0,00;0,00;0,00;-
Motherboards;Biostar;302;BIOSTAR AM4 B550MH 3.0 M-ATX DDR4 ;;;61,19;10,50%;30,00%;30,00%;0,00;SI;87,90;u$s;2,00;;;;;0,00;0,00;0,00;0,00;0,00;0,00;-
Motherboards;Biostar;261;BIOSTAR S.1200 H510MHP 2.0 M-ATX DDR4 ;;;60,60;10,50%;30,00%;30,00%;0,00;SI;87,05;u$s;1,00;;;;;0,00;0,00;0,00;0,00;0,00;0,00;-
Gabinetes;BRB;137;GABINETE BRB GENÉRICO (USADO) ;;;12.928,25;10,50%;30,00%;40,00%;0,00;SI;20.000,00;$;1,00;;;;;0,00;0,00;0,00;0,00;0,00;0,00;-
Placas de video;Colorful;346;NVIDIA COLORFUL GTX 1660 BATTLE AX 6GB GDDR6 ;;;114.285,00;0,00%;30,00%;0,00%;165.000,00;SI;165.000,00;$;0,00;;;;;0,00;0,00;0,00;0,00;0,00;0,00;-
Coolers;Cooler Master;270;CPU COOLER COOLER MASTER HYPER 620S ;;;49,67;21,00%;30,00%;30,00%;0,00;SI;78,13;u$s;0,00;;;;;0,00;0,00;0,00;0,00;0,00;0,00;-
Coolers;CoolerMaster;119;CPU COOLER COOLERMASTER HYPER H410R RGB (USADO) ;;;16.160,31;10,50%;30,00%;40,00%;0,00;SI;25.000,00;$;0,00;;;;;0,00;0,00;0,00;0,00;0,00;0,00;-
Gabinetes;CoolerMaster;140;GABINETE COOLER MASTER Q300L V2 ;;;58,38;10,50%;30,00%;30,00%;0,00;SI;83,86;u$s;1,00;;;;;0,00;0,00;0,00;0,00;0,00;0,00;-
Fuentes;Corsair;329;FUENTE 850W CORSAIR RM850X 80+ GOLD FULL MODULAR (USADO) ;;;50.000,00;0,00%;30,00%;0,00%;150.000,00;SI;150.000,00;$;2,00;;;;;0,00;0,00;0,00;0,00;0,00;0,00;-
Memorias;Corsair;330;RAM DDR4 16GB 3200MHZ CORSAIR VENGEANCE LED (2X8) (USADO) ;;;17.857,14;0,00%;30,00%;90,00%;0,00;SI;33.928,57;$;1,00;;;;;0,00;0,00;0,00;0,00;0,00;0,00;-
Coolers;Corsair;118;WATERCOOLER CORSAIR H45 (AM4) (USADO) ;;;32.320,62;21,00%;30,00%;40,00%;45.454,55;SI;55.000,00;$;1,00;;;;;0,00;0,00;0,00;0,00;0,00;0,00;-
Coolers;Corsair;117;WATERCOOLER CORSAIR ICUE H115i RGB PRO XT (AM4) ;;;138,85;21,00%;30,00%;25,00%;0,00;SI;210,01;u$s;1,00;;;;;0,00;0,00;0,00;0,00;0,00;0,00;-
Gabinetes;Cromax;139;GABINETE CROMAX GENÉRICO (USADO) SIN TAPA LATERAL ;;;9.696,19;10,50%;30,00%;40,00%;0,00;SI;15.000,01;$;1,00;;;;;0,00;0,00;0,00;0,00;0,00;0,00;-
Memorias;Crucial;344;RAM DDR4 4GB 2400MHZ CRUCIAL ;;;5.000,00;10,50%;30,00%;0,00%;6.787,33;SI;7.500,00;$;1,00;;;;;0,00;0,00;0,00;0,00;0,00;0,00;-
Memorias;Crucial;338;RAM DDR4 8GB 3200MHZ CRUCIAL KVR (USADO) ;;;15.000,00;0,00%;30,00%;40,00%;0,00;SI;21.000,00;$;0,00;;;;;0,00;0,00;0,00;0,00;0,00;0,00;-
Placas de video;EVGA;217;NVIDIA EVGA RTX 2060 OK ULTRA 6GB GDDR6 (USADO) ;;;142.210,73;10,50%;30,00%;40,00%;0,00;SI;220.000,00;$;1,00;;;;;0,00;0,00;0,00;0,00;0,00;0,00;-
Placas de video;EVGA;251;NVIDIA EVGA RTX 3070 TI XC3 8GB GDDR6 (USADO) ;;;300.000,00;10,50%;30,00%;40,00%;407.239,82;SI;450.000,00;$;1,00;;;;;0,00;0,00;0,00;0,00;0,00;0,00;-
Coolers;Gamemax;293;FAN COOLER GAMEMAX 120MM ARGB RAINBOW INFINITY ;;;9,28;10,50%;30,00%;25,00%;0,00;SI;12,82;u$s;2,00;;;;;0,00;0,00;0,00;0,00;0,00;0,00;-
Coolers;Gamemax;115;FAN COOLER GAMEMAX RQ300 KIT X 3 FANS ARGB 12CM ;;;28,73;21,00%;30,00%;30,00%;0,00;SI;45,19;u$s;2,00;;;;;0,00;0,00;0,00;0,00;0,00;0,00;-
Fuentes;Gamemax;124;FUENTE 800W GAMEMAX VP-800 80+ BRONZE (USADO) ;;;41.322,31;21,00%;30,00%;40,00%;0,00;SI;69.999,99;$;0,00;;;;;0,00;0,00;0,00;0,00;0,00;0,00;-
Gabinetes;Gamemax;128;GABINETE GAMEMAX NOVA N6 ;;;37,36;10,50%;30,00%;30,00%;0,00;SI;53,67;u$s;0,00;;;;;0,00;0,00;0,00;0,00;0,00;0,00;-
Coolers;Gamemax;114;WATERCOOLER GAMEMAX ICEBERG 120 RAINBOW ;;;51,77;21,00%;30,00%;25,00%;0,00;SI;78,30;u$s;0,00;;;;;0,00;0,00;0,00;0,00;0,00;0,00;-
Coolers;Gamemax;315;WATERCOOLER GAMEMAX ICEBERG 240 RAINBOW ;;;68,95;10,50%;30,00%;30,00%;0,00;SI;99,05;u$s;1,00;;;;;0,00;0,00;0,00;0,00;0,00;0,00;-
Coolers;Gamemax;305;WATERCOOLER GAMEMAX ICECHILL 120 RAINBOW ;;;51,77;10,50%;30,00%;30,00%;0,00;SI;74,37;u$s;1,00;;;;;0,00;0,00;0,00;0,00;0,00;0,00;-
Coolers;Gamemax;116;WATERCOOLER GAMEMAX ICECHILL 360ARGB ;;;96,60;21,00%;30,00%;25,00%;0,00;SI;146,11;u$s;1,00;;;;;0,00;0,00;0,00;0,00;0,00;0,00;-
General;Genius;314;TEC+MOUSE WIRELESS GENIUS LMATE Q8000 REDUCIDO ;;;14,80;10,50%;30,00%;0,00%;0,00;SI;21,26;u$s;0,00;;;;;0,00;0,00;0,00;0,00;0,00;0,00;-
Fuentes;Gigabyte;126;FUENTE 1000W GIGABYTE P1000GM 80+ GOLD FULL MODULAR ;;;87,83;21,00%;30,00%;100,00%;0,00;SI;212,55;u$s;1,00;;;;;0,00;0,00;0,00;0,00;0,00;0,00;-
Fuentes;Gigabyte;277;FUENTE 450W GIGABYTE P450B 80+ BRONZE ;;;31,22;21,00%;30,00%;30,00%;0,00;SI;49,10;u$s;2,00;;;;;0,00;0,00;0,00;0,00;0,00;0,00;-
Fuentes;Gigabyte;278;FUENTE 550W GIGABYTE GP550 80+ SILVER ;;;36,37;21,00%;30,00%;40,00%;0,00;SI;61,61;u$s;8,00;;;;;0,00;0,00;0,00;0,00;0,00;0,00;-
Fuentes;Gigabyte;274;FUENTE 550W GIGABYTE GP550 ICE 80+ SILVER ;;;36,63;21,00%;30,00%;40,00%;0,00;SI;62,05;u$s;1,00;;;;;0,00;0,00;0,00;0,00;0,00;0,00;-
Fuentes;Gigabyte;240;FUENTE 550W GIGABYTE P550B 80+ BRONZE ;;;48,35;21,00%;30,00%;30,00%;0,00;SI;76,05;u$s;0,00;;;;;0,00;0,00;0,00;0,00;0,00;0,00;-
Fuentes;Gigabyte;122;FUENTE 550W GIGABYTE P550B 80+ BRONZE (USADO) ;;;38.370,72;21,00%;30,00%;40,00%;0,00;SI;65.000,00;$;0,00;;;;;0,00;0,00;0,00;0,00;0,00;0,00;-
Fuentes;Gigabyte;320;FUENTE 650W GIGABYTE GP-P650G 80+ GOLD ;;;60,79;21,00%;30,00%;40,00%;0,00;SI;102,98;u$s;2,00;;;;;0,00;0,00;0,00;0,00;0,00;0,00;-
Fuentes;Gigabyte;121;FUENTE 650W GIGABYTE P650B 80+ BRONZE ;;;51,38;21,00%;30,00%;30,00%;0,00;SI;80,82;u$s;0,00;;;;;0,00;0,00;0,00;0,00;0,00;0,00;-
Fuentes;Gigabyte;120;FUENTE 750W GIGABYTE P750GM 80+ GOLD FULL MODULAR (USADO) ;;;30.165,91;21,00%;30,00%;300,00%;99.173,55;SI;120.000,00;$;1,00;;;;;0,00;0,00;0,00;0,00;0,00;0,00;-
Fuentes;Gigabyte;258;FUENTE 850W GIGABYTE P850GM GOLD MODULAR (USADO SIN CAJA) ;;;42.857,14;21,00%;30,00%;0,00%;107.438,02;SI;130.000,00;$;1,00;;;;;0,00;0,00;0,00;0,00;0,00;0,00;-
Gabinetes;Gigabyte;130;GABINETE GIGABYTE C102 GLASS X2 FANES ;;;45,35;10,50%;30,00%;30,00%;0,00;SI;65,15;u$s;0,00;;;;;0,00;0,00;0,00;0,00;0,00;0,00;-
Motherboards;Gigabyte;181;GIGABYTE AM4 A320M-HD2 DDR4 (USADO) ;;;38.784,74;10,50%;30,00%;40,00%;0,00;SI;59.999,99;$;0,00;;;;;0,00;0,00;0,00;0,00;0,00;0,00;-
Motherboards;Gigabyte;271;GIGABYTE AM4 A520M-K V2 DDR4 ;;;59,91;10,50%;30,00%;30,00%;0,00;SI;86,06;u$s;4,00;;;;;0,00;0,00;0,00;0,00;0,00;0,00;-
Motherboards;Gigabyte;260;GIGABYTE AM4 A520M-K V2 DDR4 (USADO) ;;;42.857,14;21,00%;30,00%;0,00%;49.586,78;SI;60.000,00;$;0,00;;;;;0,00;0,00;0,00;0,00;0,00;0,00;-
Motherboards;Gigabyte;179;GIGABYTE AM4 B550M-K DDR4 ;;;78,93;10,50%;30,00%;25,00%;0,00;SI;109,02;u$s;0,00;;;;;0,00;0,00;0,00;0,00;0,00;0,00;-
Motherboards;Gigabyte;242;GIGABYTE AM5 A620M H BOX M-ATX DDR5 ;;;89,23;10,50%;30,00%;30,00%;0,00;SI;128,18;u$s;1,00;;;;;0,00;0,00;0,00;0,00;0,00;0,00;-
Motherboards;Gigabyte;183;GIGABYTE S.1151 Z370 AORUS ULTRA GAMING DDR4 (USADO) ;;;51.712,99;10,50%;30,00%;40,00%;0,00;SI;80.000,00;$;1,00;;;;;0,00;0,00;0,00;0,00;0,00;0,00;-
Motherboards;Gigabyte;182;GIGABYTE S.1151 Z390 GAMING X DDR4 (USADO) ;;;58.177,12;10,50%;30,00%;40,00%;0,00;SI;90.000,00;$;1,00;;;;;0,00;0,00;0,00;0,00;0,00;0,00;-
Motherboards;Gigabyte;180;GIGABYTE S.1700 B760M GAMING WIFI DDR5 ;;;138,95;10,50%;30,00%;30,00%;0,00;SI;199,60;u$s;1,00;;;;;0,00;0,00;0,00;0,00;0,00;0,00;-
Motherboards;Gigabyte;275;GIGABYTE S.1700 H610M-K M-ATX DDR4 ;;;74,85;10,50%;30,00%;30,00%;0,00;SI;107,52;u$s;0,00;;;;;0,00;0,00;0,00;0,00;0,00;0,00;-
Motherboards;Gigabyte;325;GIGABYTE S.1700 Z690 GAMING X DDR4 (USADO) ;;;109.890,00;10,50%;30,00%;40,00%;0,00;SI;170.000,00;$;1,00;;;;;0,00;1.000,00;0,00;0,00;0,00;0,00;-
Motherboards;Gigabyte;288;GIGABYTE S.1700 Z790 UD AC ATX DDR5 ;;;217,98;10,50%;30,00%;0,00%;0,00;SI;313,13;$;0,00;;;;;0,00;0,00;0,00;0,00;0,00;0,00;-
Placas de video;Gigabyte;328;NVIDIA GIGABYTE RTX 2070 SUPER GAMING OC 8GB GDDR6 (USADO) ;;;192.857,14;0,00%;30,00%;50,00%;0,00;SI;289.285,71;$;1,00;;;;;0,00;0,00;0,00;0,00;0,00;0,00;-
Placas de video;Gigabyte;230;NVIDIA GIGABYTE RTX 3080 TURBO 10GB GDDR6X (USADO) ;;;277.149,32;10,50%;30,00%;60,00%;0,00;SI;490.000,00;$;0,00;;;;;0,00;0,00;0,00;0,00;0,00;0,00;-
Memorias;Hiksemi;286;RAM DDR4 16GB 3200MHZ HIKSEMI ARMOR PURPLE ;;;27,76;10,50%;30,00%;30,00%;0,00;SI;39,88;u$s;0,00;;;;;0,00;0,00;0,00;0,00;0,00;0,00;-
Memorias;Hiksemi;276;RAM DDR4 8GB 3200MHZ HIKSEMI ARMOR BLACK ;;;15,72;10,50%;30,00%;30,00%;0,00;SI;22,58;u$s;4,00;;;;;0,00;0,00;0,00;0,00;0,00;0,00;-
Discos Internos SSD;Hiksemi;280;SSD M.2 NVME 1TB HIKSEMI FUTURE ;;;62,19;10,50%;30,00%;30,00%;0,00;SI;89,34;u$s;0,00;;;;;0,00;0,00;0,00;0,00;0,00;0,00;-
Discos Internos SSD;Hiksemi;245;SSD M.2 NVME 256GB HIKSEMI WAVE ;;;18,32;10,50%;30,00%;25,00%;0,00;SI;25,30;u$s;0,00;;;;;0,00;0,00;0,00;0,00;0,00;0,00;-
Discos Internos SSD;Hiksemi;301;SSD M.2 NVME 512GB HIKSEMI WAVE ;;;31,40;10,50%;30,00%;30,00%;0,00;SI;45,11;u$s;0,00;;;;;0,00;0,00;0,00;0,00;0,00;0,00;-
Discos Internos SSD;Hiksemi;243;SSD SATA 240GB HIKSEMI WAVE S ;;;16,59;10,50%;30,00%;25,00%;0,00;SI;22,91;u$s;6,00;;;;;0,00;0,00;0,00;0,00;0,00;0,00;-
Discos Internos SSD;Hiksemi;262;SSD SATA 480GB HIKSEMI WAVE S ;;;26,28;10,50%;30,00%;30,00%;0,00;SI;37,76;u$s;3,00;;;;;0,00;0,00;0,00;0,00;0,00;0,00;-
Discos Internos SSD;Hiksemi;244;SSD SATA 960GB HIKSEMI WAVE S ;;;48,00;10,50%;30,00%;25,00%;0,00;SI;66,30;u$s;0,00;;;;;0,00;0,00;0,00;0,00;0,00;0,00;-
Conectividad;Hikvision;295;SWITCH 5P HIKVISION DS-3E0505-E GIGABIT DESKTOP ;;;13,51;10,50%;30,00%;25,00%;0,00;SI;18,66;u$s;1,00;;;;;0,00;0,00;0,00;0,00;0,00;0,00;-
General;Hikvision;246;UPS HIKVISION DS 600VA ;;;41,88;21,00%;30,00%;25,00%;0,00;SI;63,35;u$s;0,00;;;;;0,00;0,00;0,00;0,00;0,00;0,00;-
Impresoras;HP;148;Impresora HP Laser Neverstop 1000a ;;;257,33;10,50%;30,00%;30,00%;0,00;SI;369,65;u$s;1,00;;;;;0,00;0,00;0,00;0,00;0,00;0,00;-
General;HyperX;143;Auricular HYPERX Cloud Stinger S ;;;48,62;10,50%;30,00%;25,00%;0,00;SI;67,16;u$s;0,00;;;;;0,00;0,00;0,00;0,00;0,00;0,00;-
Placas de video;IGAME;229;NVIDIA IGAME RTX 3070 TI VULKAN CON PANTALLA 8GB GDDR6X (USADO) ;;;330.000,00;10,50%;30,00%;40,00%;461.538,46;SI;510.000,00;$;1,00;;;;;0,00;0,00;0,00;0,00;0,00;0,00;-
Procesadores;Intel;154;INTEL CELERON G5905 S.1200 ;;;47,15;10,50%;25,00%;15,00%;0,00;SI;59,92;u$s;2,00;;;;;0,00;0,00;0,00;0,00;0,00;0,00;-
Procesadores;Intel;149;INTEL CELERON G5905 S.1200 (USADO) ;;;25.856,50;10,50%;25,00%;40,00%;0,00;SI;40.000,01;$;1,00;;;;;0,00;0,00;0,00;0,00;0,00;0,00;-
Procesadores;Intel;162;INTEL CELERON G5925 S.1200 (USADO) ;;;10.000,00;10,50%;25,00%;20,00%;31.674,21;SI;35.000,00;$;1,00;;;;;0,00;0,00;0,00;0,00;0,00;0,00;-
Procesadores;Intel;160;INTEL CELERON G6900 S.1700 ;;;61,45;10,50%;25,00%;15,00%;0,00;SI;78,09;u$s;1,00;;;;;0,00;0,00;0,00;0,00;0,00;0,00;-
Procesadores;Intel;151;INTEL I3 10100 S.1200 (USADO) ;;;45.248,87;10,50%;25,00%;40,00%;0,00;SI;70.000,00;$;0,00;;;;;0,00;0,00;0,00;0,00;0,00;0,00;-
Procesadores;Intel;161;INTEL I3 10105 S.1200 ;;;97,93;10,50%;25,00%;15,00%;0,00;SI;124,44;u$s;1,00;;;;;0,00;0,00;0,00;0,00;0,00;0,00;-
Procesadores;Intel;152;INTEL I3 10105F S.1200 (USADO) ;;;42.016,81;10,50%;25,00%;40,00%;54.298,64;SI;60.000,00;$;5,00;;;;;0,00;0,00;0,00;0,00;0,00;0,00;-
Procesadores;Intel;239;INTEL I3 8100 S.1151 (USADO) ;;;16.806,72;10,50%;25,00%;50,00%;27.149,32;SI;30.000,00;$;1,00;;;;;0,00;0,00;0,00;0,00;0,00;0,00;-
Procesadores;Intel;153;INTEL I3 9100F S.1151 (USADO) ;;;38.784,74;10,50%;25,00%;40,00%;45.248,87;SI;50.000,00;$;2,00;;;;;0,00;0,00;0,00;0,00;0,00;0,00;-
Procesadores;Intel;156;INTEL I5 10400F S.1200 ;;;107,62;10,50%;25,00%;15,00%;0,00;SI;136,76;u$s;0,00;;;;;0,00;0,00;0,00;0,00;0,00;0,00;-
Procesadores;Intel;157;INTEL I5 12400F S.1700 ;;;165,91;10,50%;25,00%;20,00%;0,00;SI;220,00;u$s;0,00;;;;;0,00;0,00;0,00;0,00;0,00;0,00;-
Procesadores;Intel;158;INTEL I5 12600K S.1700 (USADO) ;;;233,07;10,50%;25,00%;20,00%;217.194,57;SI;240.000,00;$;1,00;;;;;0,00;0,00;0,00;0,00;0,00;0,00;-
PC Completa;Intel;345;INTEL I5 7400 + MSI H110M + RAM 8GB (2X4) 2400MHZ DDR4 ;;;40.000,00;0,00%;40,00%;0,00%;80.000,00;SI;80.000,00;$;1,00;;;;;0,00;0,00;0,00;0,00;0,00;0,00;-
Procesadores;Intel;342;INTEL I5 7400 S.1151 ;;;15.000,00;10,50%;25,00%;0,00%;27.149,32;SI;30.000,00;$;1,00;;;;;0,00;0,00;0,00;0,00;0,00;0,00;-
Procesadores;Intel;155;INTEL I5 9400 S.1151 (USADO) ;;;64.641,24;10,50%;25,00%;40,00%;0,00;SI;100.000,00;$;0,00;;;;;0,00;0,00;0,00;0,00;0,00;0,00;-
Procesadores;Intel;237;INTEL I7 9700 S.1151 (USADO) ;;;84.033,61;10,50%;25,00%;40,00%;0,00;SI;130.000,00;$;0,00;;;;;0,00;1.000,00;0,00;0,00;0,00;0,00;-
Procesadores;Intel;150;INTEL PENTIUM G4560 S.1151 (USADO) ;;;29.088,56;10,50%;25,00%;40,00%;0,00;SI;45.000,00;$;1,00;;;;;0,00;0,00;0,00;0,00;0,00;0,00;-
Procesadores;Intel;159;INTEL PENTIUM GOLD G6405 S.1200 ;;;71,78;10,50%;25,00%;15,00%;0,00;SI;91,21;u$s;1,00;;;;;0,00;0,00;0,00;0,00;0,00;0,00;-
General;JBL;144;Auricular JBL JR300BT Rosa ;;;50,91;10,50%;30,00%;25,00%;0,00;SI;70,32;u$s;1,00;;;;;0,00;0,00;0,00;0,00;0,00;0,00;-
Memorias;Kingston;253;DDR4 16GB 3200MHZ CL16 KINGSTON FURY BEAST ;;;37,61;10,50%;30,00%;30,00%;0,00;SI;54,03;u$s;1,00;;;;;0,00;0,00;0,00;0,00;0,00;0,00;-
Memorias;Kingston;291;RAM DDR4 8GB 2666MHZ KINGSTON KVR (USADO) ;;;12.078,24;10,50%;30,00%;25,00%;0,00;SI;16.683,07;$;0,00;;;;;0,00;0,00;0,00;0,00;0,00;0,00;-
Memorias;Kingston;273;RAM DDR4 8GB 3200MHZ CL16 KINGSTON FURY BEAST BLACK ;;;19,57;10,50%;30,00%;30,00%;0,00;SI;28,11;u$s;2,00;;;;;0,00;0,00;0,00;0,00;0,00;0,00;-
Memorias;Kingston;287;RAM DDR5 16GB 6000MHZ KINGSTON FURY BEAST BLACK ;;;56,85;10,50%;30,00%;30,00%;0,00;SI;81,67;u$s;1,00;;;;;0,00;0,00;0,00;0,00;0,00;0,00;-
Memorias;Kingston;290;RAM DDR5 16GB 6000MHZ KINGSTON FURY BEAST BLACK RGB ;;;64,94;10,50%;30,00%;25,00%;0,00;SI;89,70;u$s;0,00;;;;;0,00;0,00;0,00;0,00;0,00;0,00;-
Memorias;Kingston;296;RAM SODIMM DDR4 8GB 3200MHZ CL22 KINGSTON KVC ;;;16,86;10,50%;30,00%;0,00%;0,00;SI;24,22;u$s;0,00;;;;;0,00;0,00;0,00;0,00;0,00;0,00;-
Discos Internos SSD;Kingston;304;SSD M.2 NVME 1TB KINGSTON NV2 ;;;58,83;10,50%;30,00%;30,00%;0,00;SI;84,51;u$s;1,00;;;;;0,00;0,00;0,00;0,00;0,00;0,00;-
General;Logitech;142;Auricular Astro A50 (usado) ;;;129.282,48;10,50%;30,00%;40,00%;0,00;SI;200.000,00;$;0,00;;;;;0,00;0,00;0,00;0,00;0,00;0,00;-
General;Logitech;145;Auricular Logitech G332 leatherette ;;;42,90;10,50%;30,00%;25,00%;0,00;SI;59,26;u$s;0,00;;;;;0,00;0,00;0,00;0,00;0,00;0,00;-
General;Logitech;146;Auriculares Astro A20 ;;;74,36;10,50%;30,00%;25,00%;0,00;SI;102,71;u$s;0,00;;;;;0,00;0,00;0,00;0,00;0,00;0,00;-
Fuentes;MSI;125;FUENTE 750W MSI MAG A750GF 80+ GOLD FULL MODULAR (USADO) ;;;30.165,91;21,00%;30,00%;300,00%;0,00;SI;146.003,00;$;0,00;;;;;0,00;0,00;0,00;0,00;0,00;0,00;-
Gabinetes;MSI;311;GABINETE MSI MAG FORGE M100A FAN RGB SIN FUENTE ;;;60,67;10,50%;30,00%;30,00%;0,00;SI;87,15;u$s;4,00;;;;;0,00;0,00;0,00;0,00;0,00;0,00;-
Gabinetes;MSI;316;GABINETE MSI MAG PANO M100R PZ BLACK FAN RGB SIN FUENTE ;;;115,67;10,50%;30,00%;30,00%;0,00;SI;166,16;u$s;1,00;;;;;0,00;0,00;0,00;0,00;0,00;0,00;-
Gabinetes;MSI;129;GABINETE MSI SHIELD ;;;38,93;10,50%;30,00%;30,00%;0,00;SI;55,92;u$s;2,00;;;;;0,00;0,00;0,00;0,00;0,00;0,00;-
Motherboards;MSI;282;MSI AM4 A320M-A PRO DDR4 (USADA) ;;;0,00;10,50%;30,00%;0,00%;54.298,64;SI;60.000,00;$;0,00;;;;;0,00;0,00;0,00;0,00;0,00;0,00;-
Motherboards;MSI;187;MSI AM4 A320M-A PRO MAX DDR4 (USADO) ;;;38.784,74;10,50%;30,00%;40,00%;0,00;SI;59.999,99;$;0,00;;;;;0,00;0,00;0,00;0,00;0,00;0,00;-
Motherboards;MSI;339;MSI AM4 A520M-A PRO M-ATX DDR4 ;;;59,34;10,50%;30,00%;30,00%;0,00;SI;85,24;u$s;1,00;;;;;0,00;0,00;0,00;0,00;0,00;0,00;-
Motherboards;MSI;186;MSI AM4 B450M PRO-VDH MAX DDR4 ;;;76,19;10,50%;30,00%;30,00%;0,00;SI;109,45;u$s;1,00;;;;;0,00;0,00;0,00;0,00;0,00;0,00;-
Motherboards;MSI;185;MSI AM4 B450M-A PRO MAX II DDR4 ;;;76,19;10,50%;30,00%;30,00%;0,00;SI;109,45;u$s;0,00;;;;;0,00;0,00;0,00;0,00;0,00;0,00;-
Motherboards;MSI;317;MSI AM4 B550M-A PRO BOX M-ATX DDR4 ;;;74,49;10,50%;30,00%;30,00%;0,00;SI;107,00;u$s;3,00;;;;;0,00;0,00;0,00;0,00;0,00;0,00;-
Motherboards;MSI;341;MSI S.1151 H110M PRO-VH PLUS DDR4 ;;;15.000,00;0,00%;30,00%;0,00%;30.000,00;SI;30.000,00;$;1,00;;;;;0,00;0,00;0,00;0,00;0,00;0,00;-
Motherboards;MSI;188;MSI S.1151 MAG Z390 TOMAHAWK DDR4 (USADO) ;;;77.569,49;10,50%;30,00%;40,00%;0,00;SI;120.000,00;$;0,00;;;;;0,00;0,00;0,00;0,00;0,00;0,00;-
Placas de video;MSI;209;NVIDIA MSI GT 1030 2GB GDDR4 (USADO) ;;;32.320,00;10,50%;30,00%;40,00%;0,00;SI;50.000,00;$;1,00;;;;;0,00;1.000,00;0,00;0,00;0,00;0,00;-
Placas de video;MSI;211;NVIDIA MSI GT 1050TI GAMING X 4GB GDDR5 (USADO) ;;;58.177,12;10,50%;30,00%;40,00%;0,00;SI;90.000,00;$;0,00;;;;;0,00;0,00;0,00;0,00;0,00;0,00;-
Placas de video;MSI;236;NVIDIA MSI GTX 1660 SUPER GAMING X TWIN FROZR 6GB GDDR6 (USADO SIN CAJA) ;;;121.428,57;10,50%;30,00%;40,00%;162.895,93;SI;180.000,00;$;1,00;;;;;0,00;1.000,00;0,00;0,00;0,00;0,00;-
Placas de video;MSI;210;NVIDIA MSI GTX 750TI TWIN FROZN 2GB GDDR5 (USADO SIN CAJA) ;;;48.480,93;10,50%;30,00%;40,00%;0,00;SI;75.000,00;$;0,00;;;;;0,00;0,00;0,00;0,00;0,00;0,00;-
Placas de video;MSI;218;NVIDIA MSI RTX 2060 SUPER VENTUS GP EDITION 8GB GDDR6 (USADO SIN CAJA) ;;;141.402,71;10,50%;30,00%;60,00%;0,00;SI;249.999,99;$;0,00;;;;;0,00;0,00;0,00;0,00;0,00;0,00;-
Placas de video;MSI;219;NVIDIA MSI RTX 2060 SUPER VENTUS GP EDITION 8GB GDDR6 (USADO) ;;;147.058,82;10,50%;30,00%;60,00%;226.244,34;SI;250.000,00;$;5,00;;;;;0,00;0,00;0,00;0,00;0,00;0,00;-
Placas de video;MSI;216;NVIDIA MSI RTX 2060 VENTUS GP EDITION 6GB GDDR6 (USADO) ;;;147.058,82;10,50%;30,00%;40,00%;199.095,02;SI;220.000,00;$;1,00;;;;;0,00;0,00;0,00;0,00;0,00;0,00;-
Placas de video;MSI;327;NVIDIA MSI RTX 2070 SUPER VENTUS 8GB GDDR6 (USADO) ;;;192.857,14;0,00%;30,00%;50,00%;0,00;SI;290.000,00;$;1,00;;;;;0,00;1.000,00;0,00;0,00;0,00;0,00;-
Placas de video;MSI;225;NVIDIA MSI RTX 3060 TI GAMING Z TRIO 8GB GDDR6 (USADO SIN CAJA) ;;;192.307,69;10,50%;30,00%;60,00%;307.692,31;SI;340.000,00;$;2,00;;;;;0,00;0,00;0,00;0,00;0,00;0,00;-
Placas de video;MSI;224;NVIDIA MSI RTX 3060 TI VENTUS 2X 8GB GDDR6 (USADO) ;;;226.244,34;10,50%;30,00%;40,00%;0,00;SI;349.999,99;$;1,00;;;;;0,00;0,00;0,00;0,00;0,00;0,00;-
Placas de video;MSI;223;NVIDIA MSI RTX 3060 TI VENTUS 3X 8GB GDDR6 (USADO) ;;;192.307,69;10,50%;30,00%;60,00%;0,00;SI;340.000,00;$;6,00;;;;;0,00;0,00;0,00;0,00;0,00;0,00;-
Placas de video;MSI;222;NVIDIA MSI RTX 3060 VENTUS 3X 12GB GDDR6 (USADO) ;;;200.387,85;10,50%;30,00%;40,00%;0,00;SI;310.000,00;$;0,00;;;;;0,00;0,00;0,00;0,00;0,00;0,00;-
Placas de video;MSI;226;NVIDIA MSI RTX 3070 GAMING X TRIO 8GB GDDR6 (USADO) ;;;226.244,34;10,50%;30,00%;60,00%;352.941,18;SI;390.000,00;$;1,00;;;;;0,00;0,00;0,00;0,00;0,00;0,00;-
Placas de video;MSI;227;NVIDIA MSI RTX 3070 TI VENTUS 3X 8GB GDDR6X (USADO) ;;;290.885,59;10,50%;30,00%;40,00%;407.239,82;SI;450.000,00;$;1,00;;;;;0,00;0,00;0,00;0,00;0,00;0,00;-
Placas de video;MSI;252;NVIDIA MSI RTX 3070 VENTUS 3X 8GB GDDR6X (USADO) ;;;260.000,00;10,50%;30,00%;40,00%;343.891,40;SI;380.000,00;$;1,00;;;;;0,00;0,00;0,00;0,00;0,00;0,00;-
Placas de video;MSI;206;RADEON MSI GAMING X RX 5700 XT 8GB GDDR6 (USADO SIN CAJA) ;;;135.746,61;10,50%;30,00%;60,00%;0,00;SI;240.000,01;$;0,00;;;;;0,00;0,00;0,00;0,00;0,00;0,00;-
Placas de video;MSI;195;RADEON MSI RX 550 AERO ITX 2GB GDDR5 (USADO) ;;;32.320,62;10,50%;30,00%;40,00%;0,00;SI;50.000,00;$;0,00;;;;;0,00;0,00;0,00;0,00;0,00;0,00;-
Placas de video;MSI;197;RADEON MSI RX 570 8GB ARMOR OC GDDR5 (USADO) ;;;77.569,49;10,50%;30,00%;40,00%;0,00;SI;120.000,00;$;1,00;;;;;0,00;0,00;0,00;0,00;0,00;0,00;-
Placas de video;MSI;201;RADEON MSI RX 580 8GB ARMOR MK2 GDDR5 (USADO) ;;;90.497,74;10,50%;30,00%;40,00%;0,00;SI;140.000,00;$;1,00;;;;;0,00;0,00;0,00;0,00;0,00;0,00;-
Placas de video;Palit;221;NVIDIA PALIT RTX 2060 SUPER DUAL 8GB GDDR6 (USADO) ;;;149.321,27;10,50%;30,00%;60,00%;217.194,57;SI;240.000,00;$;13,00;;;;;0,00;0,00;0,00;0,00;0,00;0,00;-
Placas de video;Palit;214;NVIDIA PALIT RTX 3050 DUAL 6GB GDDR6 (USADO) ;;;142.210,73;10,50%;30,00%;40,00%;0,00;SI;220.000,00;$;0,00;;;;;0,00;0,00;0,00;0,00;0,00;0,00;-
Placas de video;Palit;228;NVIDIA PALIT RTX 3070 TI GAMEROCK 8GB GDDR6X (USADO) ;;;352.941,20;10,50%;30,00%;20,00%;0,00;SI;468.000,03;$;0,00;;;;;0,00;0,00;0,00;0,00;0,00;0,00;-
Fuentes;Performance;303;FUENTE 500W PERFORMANCE ;;;14,66;21,00%;30,00%;30,00%;0,00;SI;23,06;u$s;1,00;;;;;0,00;0,00;0,00;0,00;0,00;0,00;-
Gabinetes;Performance;131;GABINETE KIT PERFORMANCE CON FUENTE/TECLADO/MOUSE ;;;42,11;10,50%;30,00%;30,00%;0,00;SI;60,49;u$s;1,00;;;;;0,00;0,00;0,00;0,00;0,00;0,00;-
PC Completa;Performance;284;PC PERFORMANCE AMD RYZEN 5 4600G+8G+SSD240G ;;;0,00;10,50%;40,00%;0,00%;355.013,29;SI;392.289,69;$;0,00;;;;;0,00;0,00;0,00;0,00;0,00;0,00;-
Monitores;Philips;279;MONITOR PHILIPS 24'' HDMI/VGA 241V8L/77 ;;;129,71;21,00%;30,00%;30,00%;0,00;SI;204,04;u$s;0,00;;;;;0,00;0,00;0,00;0,00;0,00;0,00;-
Placas de video;PNY;213;NVIDIA PNY GTX 1660 SUPER XLR8 GAMING 6GB GDDR6 ;;;146,59;10,50%;30,00%;25,00%;0,00;SI;202,48;u$s;1,00;;;;;0,00;0,00;0,00;0,00;0,00;0,00;-
Placas de video;PNY;220;NVIDIA PNY RTX 2060 SUPER XLR8 GAMING 8GB GDDR6 (USADO) ;;;155.138,98;10,50%;30,00%;40,00%;208.144,80;SI;230.000,00;$;1,00;;;;;0,00;0,00;0,00;0,00;0,00;0,00;-
Placas de video;PNY;336;NVIDIA PNY RTX 3070 TI XLR8 GAMING 8GB GDDR6 (USADO) ;;;226.666,00;0,00%;30,00%;85,00%;420.000,00;SI;420.000,00;$;2,00;;;;;0,00;0,00;0,00;0,00;0,00;0,00;-
Placas de video;PNY;231;NVIDIA PNY RTX 3080 TI XLR8 GAMING 12GB GDDR6X (USADO) ;;;361.990,95;10,50%;30,00%;40,00%;0,00;SI;560.000,00;$;1,00;;;;;0,00;0,00;0,00;0,00;0,00;0,00;-
Memorias;PNY;298;RAM DDR4 8GB 3000MHZ PNY XLR8 (USADO) ;;;15.000,00;10,50%;30,00%;0,00%;20.814,48;SI;23.000,00;$;0,00;;;;;0,00;0,00;0,00;0,00;0,00;0,00;-
Memorias;PNY;299;RAM DDR4 8GB 3200MHZ PNY XLR8 (USADO) ;;;15.000,00;10,50%;30,00%;0,00%;20.814,48;SI;23.000,00;$;0,00;;;;;0,00;0,00;0,00;0,00;0,00;0,00;-
Memorias;PNY;249;RAM DDR4 8GB 3200MHZ PNY XLR8 RGB (USADO) ;;;15.513,90;21,00%;30,00%;40,00%;0,00;SI;26.280,55;$;0,00;;;;;0,00;0,00;0,00;0,00;0,00;0,00;-
Placas de video;PowerColor;208;NVIDIA POWERCOLOR GT 730K 4GB GDDR3 (USADO SIN CAJA) ;;;22.624,00;10,50%;30,00%;40,00%;0,00;SI;35.000,00;$;1,00;;;;;0,00;1.000,00;0,00;0,00;0,00;0,00;-
Placas de video;PowerColor;204;RADEON POWERCOLOR RX 6600 XT FIGHTER 8GB GDDR6 (USADO) ;;;152.714,93;10,50%;30,00%;50,00%;226.244,34;SI;250.000,00;$;2,00;;;;;0,00;0,00;0,00;0,00;0,00;0,00;-
Fuentes;Redragon;127;FUENTE 500W REDRAGON RGPS 80+ BRONZE (USADO) ;;;29.515,94;21,00%;30,00%;40,00%;0,00;SI;50.000,00;$;1,00;;;;;0,00;0,00;0,00;0,00;0,00;0,00;-
Fuentes;Redragon;123;FUENTE 800W REDRAGON RGPS 80+ BRONZE FULL MODULAR (USADO) ;;;21.116,14;21,00%;30,00%;25,00%;82.644,63;SI;100.000,00;$;2,00;;;;;0,00;0,00;0,00;0,00;0,00;0,00;-
Motherboards;ROG STRIX;334;ASUS AM4 B450 ROG STRIX GAMING II DDR4 (USADO) ;;;100.000,00;0,00%;30,00%;50,00%;0,00;SI;150.000,00;$;1,00;;;;;0,00;0,00;0,00;0,00;0,00;0,00;-
Placas de video;ROG STRIX;232;NVIDIA ROG STRIX RTX 3080 TI LC 12GB GDDR6X CON REFR. LÍQUIDA (USADO) ;;;350.000,00;10,50%;30,00%;70,00%;651.583,71;SI;720.000,00;$;1,00;;;;;0,00;0,00;0,00;0,00;0,00;0,00;-
Placas de video;ROG STRIX;198;RADEON ROG STRIX RX 570 8GB GDDR5 (USADO SIN CAJA) ;;;77.569,49;10,50%;30,00%;40,00%;0,00;SI;120.000,00;$;0,00;;;;;0,00;0,00;0,00;0,00;0,00;0,00;-
Placas de video;ROG STRIX;199;RADEON ROG STRIX RX 570 8GB GDDR5 (USADO) ;;;73.529,41;10,50%;30,00%;60,00%;0,00;SI;130.000,00;$;3,00;;;;;0,00;0,00;0,00;0,00;0,00;0,00;-
Placas de video;ROG STRIX;207;RADEON ROG STRIX RX 5700 XT 8GB GDDR6 (USADO SIN CAJA) ;;;135.746,61;10,50%;30,00%;60,00%;235.294,12;SI;260.000,00;$;0,00;;;;;0,00;0,00;0,00;0,00;0,00;0,00;-
Placas de video;ROG STRIX;200;RADEON ROG STRIX RX 580 8GB GDDR5 (USADO) ;;;84.841,63;10,50%;30,00%;60,00%;0,00;SI;150.000,00;$;0,00;;;;;0,00;0,00;0,00;0,00;0,00;0,00;-
Gabinetes;Sentey;136;GABINETE SENTEY GENÉRICO (USADO) ;;;9.696,19;10,50%;30,00%;40,00%;0,00;SI;15.000,01;$;1,00;;;;;0,00;0,00;0,00;0,00;0,00;0,00;-
Gabinetes;Sentey;135;GABINETE SENTEY X10 (USADO) ;;;25.856,50;10,50%;30,00%;40,00%;0,00;SI;40.000,01;$;0,00;;;;;0,00;0,00;0,00;0,00;0,00;0,00;-
Memorias;Sin Marca;343;RAM DDR4 4GB 2400MHZ SKHYNIX ;;;5.000,00;0,00%;30,00%;0,00%;7.500,00;SI;7.500,00;$;1,00;;;;;0,00;0,00;0,00;0,00;0,00;0,00;-
Consola;SONY;233;SONY PLAYSTATION 4 FAT 500GB/ 1 JOYSTICK + 1 JUEGO (USADA SIN CAJA) ;;;174.531,35;21,00%;0,00%;40,00%;0,00;SI;295.656,11;$;0,00;;;;;0,00;0,00;0,00;0,00;0,00;0,00;-
Consola;SONY;234;SONY PLAYSTATION 4 SLIM 1TB/ 1 JOYSTICK + 8 JUEGOS (USADA CON CAJA) ;;;226.244,34;21,00%;0,00%;40,00%;0,00;SI;383.257,91;$;0,00;;;;;0,00;0,00;0,00;0,00;0,00;0,00;-
Gabinetes;SYX;132;GABINETE SYX EQS10 BLANCO ;;;49,11;10,50%;30,00%;30,00%;0,00;SI;70,55;u$s;0,00;;;;;0,00;0,00;0,00;0,00;0,00;0,00;-
Gabinetes;SYX;133;GABINETE SYX EQS11 ;;;45,60;10,50%;30,00%;30,00%;0,00;SI;65,50;u$s;1,00;;;;;0,00;0,00;0,00;0,00;0,00;0,00;-
Gabinetes;SYX;134;GABINETE SYX EZQ3 ;;;42,09;10,50%;30,00%;30,00%;0,00;SI;60,46;u$s;0,00;;;;;0,00;0,00;0,00;0,00;0,00;0,00;-
Memorias;T-FORCE;332;RAM DDR4 8GB 3200MHZ T-FORCE (USADO) ;;;10.000,00;0,00%;30,00%;60,00%;0,00;SI;16.000,00;$;2,00;;;;;0,00;0,00;0,00;0,00;0,00;0,00;-
Coolers;Thermaltake;324;CPU COOLER THERMALTAKE ASTRIA 200 ARGB LIGHTING ;;;38,69;21,00%;30,00%;30,00%;0,00;SI;60,86;u$s;1,00;;;;;0,00;0,00;0,00;0,00;0,00;0,00;-
Gabinetes;Thermaltake;323;GABINETE THERMALTAKE H16 MICRO TOWER TG FAN ARGB X3 BLACK C FUENTE 650W 80+ ;;;99,60;10,50%;30,00%;30,00%;0,00;SI;143,08;u$s;1,00;;;;;0,00;0,00;0,00;0,00;0,00;0,00;-
Gabinetes;Thermaltake;322;GABINETE THERMALTAKE H16 MICRO TOWER TG FAN ARGB X3 SNOW C FUENTE 650W 80+ ;;;99,60;10,50%;30,00%;30,00%;0,00;SI;143,08;u$s;1,00;;;;;0,00;0,00;0,00;0,00;0,00;0,00;-
Gabinetes;Thermaltake;321;GABINETE THERMATAKE THE TOWER 300 MID TOWER TGX3 FAN X2 BLACK ;;;162,36;10,50%;30,00%;30,00%;0,00;SI;233,23;u$s;1,00;;;;;0,00;0,00;0,00;0,00;0,00;0,00;-
General;TP-LINK;141;Adaptador TP-LINK USB a ETH RJ45 UE200 ;;;12,00;10,50%;30,00%;25,00%;0,00;SI;16,58;u$s;1,00;;;;;0,00;0,00;0,00;0,00;0,00;0,00;-
General;TP-LINK;147;Extensor de rango TP-LINK RE200 Doble banda (USADO) ;;;9.696,19;10,50%;30,00%;40,00%;0,00;SI;15.000,01;$;1,00;;;;;0,00;0,00;0,00;0,00;0,00;0,00;-
Discos Internos SSD;Western Digital;318;SSD M.2 NVME 1TB WESTERN DIGITAL BLACK SN 770 ;;;74,95;10,50%;30,00%;30,00%;0,00;SI;107,67;u$s;0,00;;;;;0,00;0,00;0,00;0,00;0,00;0,00;-
Discos Internos SSD;Western Digital;310;SSD M.2 NVME 500GB WESTERN DIGITAL BLACK SN 770 ;;;50,66;10,50%;30,00%;30,00%;0,00;SI;72,77;u$s;0,00;;;;;0,00;0,00;0,00;0,00;0,00;0,00;-
Discos Internos SSD;Western Digital;263;SSD M.2 NVME 500GB WESTERN DIGITAL GREEN SN350 ;;;35,70;10,50%;30,00%;30,00%;0,00;SI;51,28;u$s;3,00;;;;;0,00;0,00;0,00;0,00;0,00;0,00;-
Placas de video;XFX;194;RADEON XFX HD 6670 1GB GDDR5 (USADO) ;;;32.320,62;10,50%;30,00%;40,00%;0,00;SI;50.000,00;$;1,00;;;;;0,00;0,00;0,00;0,00;0,00;0,00;-
Fuentes;XPG;266;FUENTE 550W ADATA XPG PYLON 80+ BRONZE ;;;48,96;21,00%;30,00%;30,00%;0,00;SI;77,02;u$s;0,00;;;;;0,00;0,00;0,00;0,00;0,00;0,00;-
Fuentes;XPG;267;FUENTE 650W ADATA XPG PYLON 80+ BRONZE ;;;54,48;21,00%;30,00%;30,00%;0,00;SI;85,70;u$s;1,00;;;;;0,00;0,00;0,00;0,00;0,00;0,00;-
Fuentes;XPG;268;FUENTE 750W ADATA XPG PYLON 80+ BRONZE ;;;65,79;21,00%;30,00%;30,00%;0,00;SI;103,49;u$s;2,00;;;;;0,00;0,00;0,00;0,00;0,00;0,00;-
Gabinetes;XPG;337;GABINETE ADATA XPG INVADER X BFT NEGRO FAN ARGBX5 ;;;143,39;10,50%;30,00%;30,00%;0,00;SI;205,98;u$s;1,00;;;;;0,00;0,00;0,00;0,00;0,00;0,00;-
Gabinetes;XPG;319;GABINETE ADATA XPG INVADER X BTF BLANCO FAN ARGBX5 ;;;143,39;10,50%;30,00%;30,00%;0,00;SI;205,98;u$s;0,00;;;;;0,00;0,00;0,00;0,00;0,00;0,00;-
Gabinetes;XPG;313;GABINETE ADATA XPG INVADER X MINI BLANCO FAN ARGB X5 ;;;78,96;10,50%;30,00%;30,00%;0,00;SI;113,43;u$s;0,00;;;;;0,00;0,00;0,00;0,00;0,00;0,00;-
Gabinetes;XPG;312;GABINETE ADATA XPG INVADER X MINI NEGRO FAN ARGB X5 ;;;76,23;10,50%;30,00%;30,00%;0,00;SI;109,50;u$s;2,00;;;;;0,00;0,00;0,00;0,00;0,00;0,00;-
Gabinetes;XPG;264;GABINETE ADATA XPG VALOR AIR PLUS NEGRO FANS ARGBX4 ;;;63,35;10,50%;30,00%;30,00%;0,00;SI;91,01;u$s;0,00;;;;;0,00;0,00;0,00;0,00;0,00;0,00;-
Gabinetes;XPG;285;GABINETE ADATA XPG VALOR AIR PLUS NEGRO FANS ARGBX4 ;;;67,14;10,50%;30,00%;30,00%;0,00;SI;96,45;u$s;0,00;;;;;0,00;0,00;0,00;0,00;0,00;0,00;-
Memorias;XPG;306;RAM DDR4 16GB 3200MHZ ADATA XPG SPECTRX D35G BLACK RGB ;;;33,03;10,50%;30,00%;30,00%;0,00;SI;47,45;u$s;0,00;;;;;0,00;0,00;0,00;0,00;0,00;0,00;-
Memorias;XPG;331;RAM DDR4 8GB 3200MHZ XPG GAMMIX D10 (USADO) ;;;10.000,00;0,00%;30,00%;70,00%;0,00;SI;17.000,00;$;3,00;;;;;0,00;0,00;0,00;0,00;0,00;0,00;-
;;;;;;;;;;;;;;;;;;;;;;;;;
